seed,fold_id,ticker,ppo,buy_and_hold,rule_based,momentum_fallback,ppo_never_traded
0,0,HDFCBANK.NS,1.1897808081025336,-0.5883714451133927,-2.037070582978586,-1.491738839855146,False
0,0,ICICIBANK.NS,-0.7669610890666917,-0.5034301260240884,-2.9099429572514417,-0.07284926021704863,False
0,0,PETRONET.NS,-0.10006396851412111,0.09426645601696147,-0.8747117510502774,-0.7853450719253032,False
0,0,IOC.NS,-0.5398997075352397,0.27284260891818074,-0.6815541247737985,-0.21638225792213012,False
0,0,ITC.NS,1.2105146625212477,2.533126157484009,1.7542155980706051,1.1108983984304925,False
1,0,HDFCBANK.NS,-1.7530638207569467,-0.5883714451133927,-2.037070582978586,-1.491738839855146,False
1,0,ICICIBANK.NS,-0.23119685384182595,-0.5034301260240884,-2.9099429572514417,-0.07284926021704863,False
1,0,PETRONET.NS,-0.5460282333812857,0.09426645601696147,-0.8747117510502774,-0.7853450719253032,False
1,0,IOC.NS,0.7580759015674725,0.27284260891818074,-0.6815541247737985,-0.21638225792213012,False
1,0,ITC.NS,0.19066071091364717,2.533126157484009,1.7542155980706051,1.1108983984304925,False
2,0,HDFCBANK.NS,0.17192452457083765,-0.5883714451133927,-2.037070582978586,-1.491738839855146,False
2,0,ICICIBANK.NS,0.6383078802554627,-0.5034301260240884,-2.9099429572514417,-0.07284926021704863,False
2,0,PETRONET.NS,-2.494218889152088,0.09426645601696147,-0.8747117510502774,-0.7853450719253032,False
2,0,IOC.NS,-1.076665850492691,0.27284260891818074,-0.6815541247737985,-0.21638225792213012,False
2,0,ITC.NS,0.3699850243309296,2.533126157484009,1.7542155980706051,1.1108983984304925,False
3,0,HDFCBANK.NS,-1.0776185016863102,-0.5883714451133927,-2.037070582978586,-1.491738839855146,False
3,0,ICICIBANK.NS,-4.05706950137938,-0.5034301260240884,-2.9099429572514417,-0.07284926021704863,False
3,0,PETRONET.NS,-0.47669009890189157,0.09426645601696147,-0.8747117510502774,-0.7853450719253032,False
3,0,IOC.NS,-0.5239636192253794,0.27284260891818074,-0.6815541247737985,-0.21638225792213012,False
3,0,ITC.NS,-0.9900538766961784,2.533126157484009,1.7542155980706051,1.1108983984304925,False
4,0,HDFCBANK.NS,-0.6365071665542542,-0.5883714451133927,-2.037070582978586,-1.491738839855146,False
4,0,ICICIBANK.NS,-2.964661852086091,-0.5034301260240884,-2.9099429572514417,-0.07284926021704863,False
4,0,PETRONET.NS,-0.6521926872547233,0.09426645601696147,-0.8747117510502774,-0.7853450719253032,False
4,0,IOC.NS,-0.841113145022175,0.27284260891818074,-0.6815541247737985,-0.21638225792213012,False
4,0,ITC.NS,1.0221921014964825,2.533126157484009,1.7542155980706051,1.1108983984304925,False
0,1,HDFCBANK.NS,1.031030429235552,2.016594982976251,1.2545967822761617,1.325442932841632,False
0,1,ICICIBANK.NS,0.39723247631463143,2.617452729529645,1.9967854227478146,2.631659938213367,False
0,1,PETRONET.NS,0.3481044593608835,0.36446004904013274,0.3825229405979339,1.0740946233859656,False
0,1,IOC.NS,-0.3368585010607618,0.7156656996802764,-0.18396568569840863,-0.3894869522537341,False
0,1,ITC.NS,-0.02597170100275727,1.8199196629142373,2.3431197411054443,1.9774223075121242,False
1,1,HDFCBANK.NS,2.203205077779527,2.016594982976251,1.2545967822761617,1.325442932841632,False
1,1,ICICIBANK.NS,0.9091409039379827,2.617452729529645,1.9967854227478146,2.631659938213367,False
1,1,PETRONET.NS,-0.057945176015780954,0.36446004904013274,0.3825229405979339,1.0740946233859656,False
1,1,IOC.NS,0.2039635143258184,0.7156656996802764,-0.18396568569840863,-0.3894869522537341,False
1,1,ITC.NS,-2.040373171514456,1.8199196629142373,2.3431197411054443,1.9774223075121242,False
2,1,HDFCBANK.NS,1.3319184418291676,2.016594982976251,1.2545967822761617,1.325442932841632,False
2,1,ICICIBANK.NS,-1.0930355443016446,2.617452729529645,1.9967854227478146,2.631659938213367,False
2,1,PETRONET.NS,0.7351645132734811,0.36446004904013274,0.3825229405979339,1.0740946233859656,False
2,1,IOC.NS,0.12824858340453027,0.7156656996802764,-0.18396568569840863,-0.3894869522537341,False
2,1,ITC.NS,1.8188535491558404,1.8199196629142373,2.3431197411054443,1.9774223075121242,False
3,1,HDFCBANK.NS,0.29651674685264146,2.016594982976251,1.2545967822761617,1.325442932841632,False
3,1,ICICIBANK.NS,-0.48786080960729655,2.617452729529645,1.9967854227478146,2.631659938213367,False
3,1,PETRONET.NS,-1.7217902372369203,0.36446004904013274,0.3825229405979339,1.0740946233859656,False
3,1,IOC.NS,0.3559465568108905,0.7156656996802764,-0.18396568569840863,-0.3894869522537341,False
3,1,ITC.NS,1.3874278503102906,1.8199196629142373,2.3431197411054443,1.9774223075121242,False
4,1,HDFCBANK.NS,2.392408267916863,2.016594982976251,1.2545967822761617,1.325442932841632,False
4,1,ICICIBANK.NS,-1.6581560901094847,2.617452729529645,1.9967854227478146,2.631659938213367,False
4,1,PETRONET.NS,-0.8511790573267669,0.36446004904013274,0.3825229405979339,1.0740946233859656,False
4,1,IOC.NS,-0.04640660275064076,0.7156656996802764,-0.18396568569840863,-0.3894869522537341,False
4,1,ITC.NS,-0.3109538979968874,1.8199196629142373,2.3431197411054443,1.9774223075121242,False
0,2,HDFCBANK.NS,0.5669247324412912,0.7039371094420991,-1.500635663567469,-0.5718867014095264,False
0,2,ICICIBANK.NS,0.027421431443325275,0.5182844137400691,1.1174360319219239,0.19863219772164292,False
0,2,PETRONET.NS,-0.7513259710729872,0.3687480386572479,0.6964646134946213,-1.5625554308253748,False
0,2,IOC.NS,3.7337841367234597,2.026531057198005,1.4084495676313347,1.6806868724692083,False
0,2,ITC.NS,3.2135261521216014,4.110664223419587,3.8214644224096035,3.1883841119007803,False
1,2,HDFCBANK.NS,-1.0414961012333344,0.7039371094420991,-1.500635663567469,-0.5718867014095264,False
1,2,ICICIBANK.NS,-0.8474911053692826,0.5182844137400691,1.1174360319219239,0.19863219772164292,False
1,2,PETRONET.NS,0.7868024375219564,0.3687480386572479,0.6964646134946213,-1.5625554308253748,False
1,2,IOC.NS,3.7794735375536717,2.026531057198005,1.4084495676313347,1.6806868724692083,False
1,2,ITC.NS,2.598153278580697,4.110664223419587,3.8214644224096035,3.1883841119007803,False
2,2,HDFCBANK.NS,0.3681431224257631,0.7039371094420991,-1.500635663567469,-0.5718867014095264,False
2,2,ICICIBANK.NS,0.1352574843145995,0.5182844137400691,1.1174360319219239,0.19863219772164292,False
2,2,PETRONET.NS,0.39368750992016793,0.3687480386572479,0.6964646134946213,-1.5625554308253748,False
2,2,IOC.NS,0.6411515767261138,2.026531057198005,1.4084495676313347,1.6806868724692083,False
2,2,ITC.NS,2.174879500531602,4.110664223419587,3.8214644224096035,3.1883841119007803,False
3,2,HDFCBANK.NS,-0.6309323921015062,0.7039371094420991,-1.500635663567469,-0.5718867014095264,False
3,2,ICICIBANK.NS,-2.0492364920399417,0.5182844137400691,1.1174360319219239,0.19863219772164292,False
3,2,PETRONET.NS,-1.0422593590581966,0.3687480386572479,0.6964646134946213,-1.5625554308253748,False
3,2,IOC.NS,0.6630518248044643,2.026531057198005,1.4084495676313347,1.6806868724692083,False
3,2,ITC.NS,2.0042736132109114,4.110664223419587,3.8214644224096035,3.1883841119007803,False
4,2,HDFCBANK.NS,-2.1340937236608,0.7039371094420991,-1.500635663567469,-0.5718867014095264,False
4,2,ICICIBANK.NS,-2.0852027162886704,0.5182844137400691,1.1174360319219239,0.19863219772164292,False
4,2,PETRONET.NS,-1.4385083654005468,0.3687480386572479,0.6964646134946213,-1.5625554308253748,False
4,2,IOC.NS,0.6597212739690185,2.026531057198005,1.4084495676313347,1.6806868724692083,False
4,2,ITC.NS,1.4189257215985958,4.110664223419587,3.8214644224096035,3.1883841119007803,False
0,3,HDFCBANK.NS,-0.6381180454267245,-0.026351367599469013,0.5272715157845352,-0.12038346070875733,False
0,3,ICICIBANK.NS,0.9747476909897604,0.9160426406280152,-0.3760193979620997,-0.514020981612538,False
0,3,PETRONET.NS,1.531608092797631,0.47048221417022995,-0.3869757716091052,0.24595785564879274,False
0,3,IOC.NS,2.026929885477301,3.177191065568,3.083344758470091,2.572944823269084,False
0,3,ITC.NS,-0.44908424631677263,0.03364363228835316,-0.7991516592287629,-1.1836424608807372,False
1,3,HDFCBANK.NS,-1.2380041530474415,-0.026351367599469013,0.5272715157845352,-0.12038346070875733,False
1,3,ICICIBANK.NS,1.3773022021220342,0.9160426406280152,-0.3760193979620997,-0.514020981612538,False
1,3,PETRONET.NS,-1.242301152649853,0.47048221417022995,-0.3869757716091052,0.24595785564879274,False
1,3,IOC.NS,2.0460901257528907,3.177191065568,3.083344758470091,2.572944823269084,False
1,3,ITC.NS,0.5621582886551294,0.03364363228835316,-0.7991516592287629,-1.1836424608807372,False
2,3,HDFCBANK.NS,-0.27008906791595977,-0.026351367599469013,0.5272715157845352,-0.12038346070875733,False
2,3,ICICIBANK.NS,0.13173919627263564,0.9160426406280152,-0.3760193979620997,-0.514020981612538,False
2,3,PETRONET.NS,0.7784354485572765,0.47048221417022995,-0.3869757716091052,0.24595785564879274,False
2,3,IOC.NS,2.113851359937698,3.177191065568,3.083344758470091,2.572944823269084,False
2,3,ITC.NS,1.5158349712992638,0.03364363228835316,-0.7991516592287629,-1.1836424608807372,False
3,3,HDFCBANK.NS,0.544525870348088,-0.026351367599469013,0.5272715157845352,-0.12038346070875733,False
3,3,ICICIBANK.NS,-1.905473869451406,0.9160426406280152,-0.3760193979620997,-0.514020981612538,False
3,3,PETRONET.NS,-1.2994050399742882,0.47048221417022995,-0.3869757716091052,0.24595785564879274,False
3,3,IOC.NS,0.8660052311835957,3.177191065568,3.083344758470091,2.572944823269084,False
3,3,ITC.NS,1.183831981351637,0.03364363228835316,-0.7991516592287629,-1.1836424608807372,False
4,3,HDFCBANK.NS,-0.9933395500712506,-0.026351367599469013,0.5272715157845352,-0.12038346070875733,False
4,3,ICICIBANK.NS,-0.10277811699791196,0.9160426406280152,-0.3760193979620997,-0.514020981612538,False
4,3,PETRONET.NS,-0.3050583673986794,0.47048221417022995,-0.3869757716091052,0.24595785564879274,False
4,3,IOC.NS,1.0881781096886007,3.177191065568,3.083344758470091,2.572944823269084,False
4,3,ITC.NS,-0.14187877574618973,0.03364363228835316,-0.7991516592287629,-1.1836424608807372,False
0,4,HDFCBANK.NS,0.1883921437458785,0.155544978601238,-0.5333317016609072,1.1965835742722664,False
0,4,ICICIBANK.NS,0.0831974305704941,1.7693637046231776,1.7411046536408312,-1.9201462871907151,False
0,4,PETRONET.NS,1.4921499651703014,2.2797541806824606,1.2868063505940155,0.08815310769155492,False
0,4,IOC.NS,-0.19319991630539415,1.369292273260293,0.582215584059417,-0.1653188825892173,False
0,4,ITC.NS,-0.8170728872134193,-0.6180195460242089,-0.5426359584959869,-2.909207349141312,False
1,4,HDFCBANK.NS,-0.28190652511604664,0.155544978601238,-0.5333317016609072,1.1965835742722664,False
1,4,ICICIBANK.NS,-0.5439597205516892,1.7693637046231776,1.7411046536408312,-1.9201462871907151,False
1,4,PETRONET.NS,1.9395988912101434,2.2797541806824606,1.2868063505940155,0.08815310769155492,False
1,4,IOC.NS,1.3050267236039663,1.369292273260293,0.582215584059417,-0.1653188825892173,False
1,4,ITC.NS,-1.8190929918626,-0.6180195460242089,-0.5426359584959869,-2.909207349141312,False
2,4,HDFCBANK.NS,0.00174580697906131,0.155544978601238,-0.5333317016609072,1.1965835742722664,False
2,4,ICICIBANK.NS,-0.3491565928509947,1.7693637046231776,1.7411046536408312,-1.9201462871907151,False
2,4,PETRONET.NS,0.5402865127837573,2.2797541806824606,1.2868063505940155,0.08815310769155492,False
2,4,IOC.NS,0.8660781754502934,1.369292273260293,0.582215584059417,-0.1653188825892173,False
2,4,ITC.NS,-1.903866134101466,-0.6180195460242089,-0.5426359584959869,-2.909207349141312,False
3,4,HDFCBANK.NS,-2.2112268677880995,0.155544978601238,-0.5333317016609072,1.1965835742722664,False
3,4,ICICIBANK.NS,-1.2519790621461055,1.7693637046231776,1.7411046536408312,-1.9201462871907151,False
3,4,PETRONET.NS,1.6640012713875514,2.2797541806824606,1.2868063505940155,0.08815310769155492,False
3,4,IOC.NS,-0.4409426435895135,1.369292273260293,0.582215584059417,-0.1653188825892173,False
3,4,ITC.NS,-2.73346771666782,-0.6180195460242089,-0.5426359584959869,-2.909207349141312,False
4,4,HDFCBANK.NS,1.3199934818603856,0.155544978601238,-0.5333317016609072,1.1965835742722664,False
4,4,ICICIBANK.NS,0.2807727658863817,1.7693637046231776,1.7411046536408312,-1.9201462871907151,False
4,4,PETRONET.NS,1.6874911074024224,2.2797541806824606,1.2868063505940155,0.08815310769155492,False
4,4,IOC.NS,-0.10342678694944776,1.369292273260293,0.582215584059417,-0.1653188825892173,False
4,4,ITC.NS,-0.6095871097431269,-0.6180195460242089,-0.5426359584959869,-2.909207349141312,False
0,5,HDFCBANK.NS,-0.5862956104585055,0.4801067852136544,0.019552773518948578,-1.069097088545936,False
0,5,ICICIBANK.NS,-0.7822297133645003,0.7801717473385161,-0.12988876852101636,0.5226129726684826,False
0,5,PETRONET.NS,0.5956810003434131,0.6381438151716003,0.30581586352489404,0.4661947743897293,False
0,5,IOC.NS,-0.7119595754016069,-1.1030248643335583,0.3422077597789622,-1.3376344269829448,False
0,5,ITC.NS,1.3685787327103136,1.3724490823923605,1.587954142858891,0.6969973910597607,False
1,5,HDFCBANK.NS,-2.845726828695942,0.4801067852136544,0.019552773518948578,-1.069097088545936,False
1,5,ICICIBANK.NS,-0.32076736472516165,0.7801717473385161,-0.12988876852101636,0.5226129726684826,False
1,5,PETRONET.NS,1.5809033805156234,0.6381438151716003,0.30581586352489404,0.4661947743897293,False
1,5,IOC.NS,-1.5562665379872034,-1.1030248643335583,0.3422077597789622,-1.3376344269829448,False
1,5,ITC.NS,-0.1394761906048848,1.3724490823923605,1.587954142858891,0.6969973910597607,False
2,5,HDFCBANK.NS,0.8593923506134762,0.4801067852136544,0.019552773518948578,-1.069097088545936,False
2,5,ICICIBANK.NS,0.9771619949808167,0.7801717473385161,-0.12988876852101636,0.5226129726684826,False
2,5,PETRONET.NS,0.8541537248119624,0.6381438151716003,0.30581586352489404,0.4661947743897293,False
2,5,IOC.NS,-2.645933942559708,-1.1030248643335583,0.3422077597789622,-1.3376344269829448,False
2,5,ITC.NS,0.4636943978070744,1.3724490823923605,1.587954142858891,0.6969973910597607,False
3,5,HDFCBANK.NS,-2.4823102775072163,0.4801067852136544,0.019552773518948578,-1.069097088545936,False
3,5,ICICIBANK.NS,-0.8845494846748819,0.7801717473385161,-0.12988876852101636,0.5226129726684826,False
3,5,PETRONET.NS,0.2427414640527383,0.6381438151716003,0.30581586352489404,0.4661947743897293,False
3,5,IOC.NS,-1.2925541629975819,-1.1030248643335583,0.3422077597789622,-1.3376344269829448,False
3,5,ITC.NS,1.1376400054789162,1.3724490823923605,1.587954142858891,0.6969973910597607,False
4,5,HDFCBANK.NS,0.25015661696300023,0.4801067852136544,0.019552773518948578,-1.069097088545936,False
4,5,ICICIBANK.NS,-0.3973935036149816,0.7801717473385161,-0.12988876852101636,0.5226129726684826,False
4,5,PETRONET.NS,-0.7826350655471744,0.6381438151716003,0.30581586352489404,0.4661947743897293,False
4,5,IOC.NS,-3.4738821537932854,-1.1030248643335583,0.3422077597789622,-1.3376344269829448,False
4,5,ITC.NS,1.0818292092931976,1.3724490823923605,1.587954142858891,0.6969973910597607,False
0,6,HDFCBANK.NS,1.147933020327406,1.450438603743268,1.6843627748757652,0.509717299645204,False
0,6,ICICIBANK.NS,0.7906516682448271,1.36782863492852,1.1588869854911819,0.5118661310890585,False
0,6,PETRONET.NS,-1.5502815945130723,-0.7738062455402702,-2.2271593623764674,-1.1326195392825678,False
0,6,IOC.NS,0.9159298233703324,0.6416491808424012,1.2852101034197239,1.4508319138214973,False
0,6,ITC.NS,0.610438595496606,-0.8135108077267782,-0.7927749579192609,-1.9204365721550758,False
1,6,HDFCBANK.NS,1.5480939132497238,1.450438603743268,1.6843627748757652,0.509717299645204,False
1,6,ICICIBANK.NS,1.2783368162457027,1.36782863492852,1.1588869854911819,0.5118661310890585,False
1,6,PETRONET.NS,-0.29750334872602935,-0.7738062455402702,-2.2271593623764674,-1.1326195392825678,False
1,6,IOC.NS,0.6371548728448188,0.6416491808424012,1.2852101034197239,1.4508319138214973,False
1,6,ITC.NS,0.9922167817875489,-0.8135108077267782,-0.7927749579192609,-1.9204365721550758,False
2,6,HDFCBANK.NS,2.1399071471478193,1.450438603743268,1.6843627748757652,0.509717299645204,False
2,6,ICICIBANK.NS,1.0402837390527424,1.36782863492852,1.1588869854911819,0.5118661310890585,False
2,6,PETRONET.NS,0.3127460187078556,-0.7738062455402702,-2.2271593623764674,-1.1326195392825678,False
2,6,IOC.NS,0.2570429291635942,0.6416491808424012,1.2852101034197239,1.4508319138214973,False
2,6,ITC.NS,0.4991907081948011,-0.8135108077267782,-0.7927749579192609,-1.9204365721550758,False
3,6,HDFCBANK.NS,-1.258338204640486,1.450438603743268,1.6843627748757652,0.509717299645204,False
3,6,ICICIBANK.NS,-1.5586953469956806,1.36782863492852,1.1588869854911819,0.5118661310890585,False
3,6,PETRONET.NS,-0.8639624101858135,-0.7738062455402702,-2.2271593623764674,-1.1326195392825678,False
3,6,IOC.NS,2.3181844250178774,0.6416491808424012,1.2852101034197239,1.4508319138214973,False
3,6,ITC.NS,-0.8268061804852528,-0.8135108077267782,-0.7927749579192609,-1.9204365721550758,False
4,6,HDFCBANK.NS,1.5358421004505192,1.450438603743268,1.6843627748757652,0.509717299645204,False
4,6,ICICIBANK.NS,0.7444485576652056,1.36782863492852,1.1588869854911819,0.5118661310890585,False
4,6,PETRONET.NS,-2.399081347434954,-0.7738062455402702,-2.2271593623764674,-1.1326195392825678,False
4,6,IOC.NS,0.4514245432748296,0.6416491808424012,1.2852101034197239,1.4508319138214973,False
4,6,ITC.NS,-1.6297266122933627,-0.8135108077267782,-0.7927749579192609,-1.9204365721550758,False
0,7,HDFCBANK.NS,-0.8711965254619973,-0.1931943613145048,-0.552955682711876,-1.122528109089608,False
0,7,ICICIBANK.NS,-0.1970081174116346,-0.8411458603983847,-3.0786512487604805,-2.1403461042785756,False
0,7,PETRONET.NS,-1.5235422666425773,-0.09442722255193647,-1.5035525219896795,-3.3290684531942802,False
0,7,IOC.NS,0.7254177381273241,1.876556099931107,1.0451467003985726,2.119992127368235,False
0,7,ITC.NS,-1.0949090286373468,-0.489281918577485,-1.9489949160716447,-2.6729853684991056,False
1,7,HDFCBANK.NS,0.07262319409608643,-0.1931943613145048,-0.552955682711876,-1.122528109089608,False
1,7,ICICIBANK.NS,-1.3518975560527955,-0.8411458603983847,-3.0786512487604805,-2.1403461042785756,False
1,7,PETRONET.NS,0.5529517556548131,-0.09442722255193647,-1.5035525219896795,-3.3290684531942802,False
1,7,IOC.NS,1.2001864280477794,1.876556099931107,1.0451467003985726,2.119992127368235,False
1,7,ITC.NS,-0.7642810050912878,-0.489281918577485,-1.9489949160716447,-2.6729853684991056,False
2,7,HDFCBANK.NS,0.22456372335886624,-0.1931943613145048,-0.552955682711876,-1.122528109089608,False
2,7,ICICIBANK.NS,-3.520495930287785,-0.8411458603983847,-3.0786512487604805,-2.1403461042785756,False
2,7,PETRONET.NS,-1.0099771746589874,-0.09442722255193647,-1.5035525219896795,-3.3290684531942802,False
2,7,IOC.NS,1.2831028251408854,1.876556099931107,1.0451467003985726,2.119992127368235,False
2,7,ITC.NS,-2.23954209017048,-0.489281918577485,-1.9489949160716447,-2.6729853684991056,False
3,7,HDFCBANK.NS,-1.4346364301929226,-0.1931943613145048,-0.552955682711876,-1.122528109089608,False
3,7,ICICIBANK.NS,-0.6698732504442261,-0.8411458603983847,-3.0786512487604805,-2.1403461042785756,False
3,7,PETRONET.NS,-0.1595625839992696,-0.09442722255193647,-1.5035525219896795,-3.3290684531942802,False
3,7,IOC.NS,0.7046649639293324,1.876556099931107,1.0451467003985726,2.119992127368235,False
3,7,ITC.NS,-0.4669093286250918,-0.489281918577485,-1.9489949160716447,-2.6729853684991056,False
4,7,HDFCBANK.NS,-1.1733983911382515,-0.1931943613145048,-0.552955682711876,-1.122528109089608,False
4,7,ICICIBANK.NS,-0.9701018671574319,-0.8411458603983847,-3.0786512487604805,-2.1403461042785756,False
4,7,PETRONET.NS,0.5596308585181967,-0.09442722255193647,-1.5035525219896795,-3.3290684531942802,False
4,7,IOC.NS,0.19219541624219968,1.876556099931107,1.0451467003985726,2.119992127368235,False
4,7,ITC.NS,-1.5907615362379532,-0.489281918577485,-1.9489949160716447,-2.6729853684991056,False
0,8,HDFCBANK.NS,-0.7514937124286563,-1.50247821140841,0.7265670005608122,-1.8993789339764566,False
0,8,ICICIBANK.NS,0.609965950567995,0.34602315189079685,-2.0692124410329202,0.6701518777256402,False
0,8,PETRONET.NS,-0.9868342817273006,0.09337886254327193,-1.1588363447895829,-1.2302180849697932,False
0,8,IOC.NS,-0.36559578678713617,-0.9247156728939965,-1.53861470799904,-2.1874461613144183,False
0,8,ITC.NS,-0.8839813147384947,-1.826969657193181,-2.69803268831093,-0.9058302070828721,False
1,8,HDFCBANK.NS,-1.5175343581308542,-1.50247821140841,0.7265670005608122,-1.8993789339764566,False
1,8,ICICIBANK.NS,0.6980752393718777,0.34602315189079685,-2.0692124410329202,0.6701518777256402,False
1,8,PETRONET.NS,0.46044973719910504,0.09337886254327193,-1.1588363447895829,-1.2302180849697932,False
1,8,IOC.NS,-0.46938916683965426,-0.9247156728939965,-1.53861470799904,-2.1874461613144183,False
1,8,ITC.NS,-2.6610005933222585,-1.826969657193181,-2.69803268831093,-0.9058302070828721,False
2,8,HDFCBANK.NS,-2.355899208898696,-1.50247821140841,0.7265670005608122,-1.8993789339764566,False
2,8,ICICIBANK.NS,1.8502945407078208,0.34602315189079685,-2.0692124410329202,0.6701518777256402,False
2,8,PETRONET.NS,-1.758799902954373,0.09337886254327193,-1.1588363447895829,-1.2302180849697932,False
2,8,IOC.NS,-2.3605635520117048,-0.9247156728939965,-1.53861470799904,-2.1874461613144183,False
2,8,ITC.NS,-2.279226183301678,-1.826969657193181,-2.69803268831093,-0.9058302070828721,False
3,8,HDFCBANK.NS,-2.2293842062129925,-1.50247821140841,0.7265670005608122,-1.8993789339764566,False
3,8,ICICIBANK.NS,0.11553371808819808,0.34602315189079685,-2.0692124410329202,0.6701518777256402,False
3,8,PETRONET.NS,-2.923564843282107,0.09337886254327193,-1.1588363447895829,-1.2302180849697932,False
3,8,IOC.NS,-2.0744057156735733,-0.9247156728939965,-1.53861470799904,-2.1874461613144183,False
3,8,ITC.NS,-2.9559788058611765,-1.826969657193181,-2.69803268831093,-0.9058302070828721,False
4,8,HDFCBANK.NS,-2.294471134937023,-1.50247821140841,0.7265670005608122,-1.8993789339764566,False
4,8,ICICIBANK.NS,1.0507399571603149,0.34602315189079685,-2.0692124410329202,0.6701518777256402,False
4,8,PETRONET.NS,-1.2328066560116147,0.09337886254327193,-1.1588363447895829,-1.2302180849697932,False
4,8,IOC.NS,-2.5080458488242163,-0.9247156728939965,-1.53861470799904,-2.1874461613144183,False
4,8,ITC.NS,-0.5872971965776245,-1.826969657193181,-2.69803268831093,-0.9058302070828721,False
